<?xml version="1.0" encoding="UTF-8"?>

<Patient xmlns="http://hl7.org/fhir">
  <id value="PatientExample"/>
  <meta>
    <profile value="http://example.org/StructureDefinition/MyPatient"/>
  </meta>
  <text>
    <status value="generated"/><div xmlns="http://www.w3.org/1999/xhtml"><p style="border: 1px #661aff solid; background-color: #e6e6ff; padding: 10px;"><b>Jim Bond </b> (no stated gender), DoB Unknown</p><hr/></div>
  </text>
  <name>
    <family value="Bond"/>
    <given value="Jim"/>
  </name>
</Patient>